<?xml version="1.0" encoding="UTF-8"?>
<table1>
<row name="2005DEC">
   <total>2,757</total>
   <agegroup>
      <g16-17>90</g16-17>
      <g18-25>1,575</g18-25>
      <g26-29>177</g26-29>
      <g30-39>214</g30-39>
      <g40-49>154</g40-49>
      <g50-59>211</g50-59>
      <g60-69>184</g60-69>
      <g70-79>107</g70-79>
      <g80plus>45</g80plus>
      <underage>0</underage>
   </agegroup>
</row>
<row name="2006JAN">
   <total>4,445</total>
   <agegroup>
      <g16-17>173</g16-17>
      <g18-25>2,174</g18-25>
      <g26-29>295</g26-29>
      <g30-39>400</g30-39>
      <g40-49>313</g40-49>
      <g50-59>380</g50-59>
      <g60-69>345</g60-69>
      <g70-79>230</g70-79>
      <g80plus>135</g80plus>
      <underage>0</underage>
   </agegroup>
</row>
<row name="2006FEB">
   <total>4,155</total>
   <agegroup>
      <g16-17>171</g16-17>
      <g18-25>2,183</g18-25>
      <g26-29>327</g26-29>
      <g30-39>405</g30-39>
      <g40-49>276</g40-49>
      <g50-59>307</g50-59>
      <g60-69>227</g60-69>
      <g70-79>157</g70-79>
      <g80plus>102</g80plus>
      <underage>0</underage>
   </agegroup>
</row>
<row name="2006MAR">
   <total>4,558</total>
   <agegroup>
      <g16-17>150</g16-17>
      <g18-25>2,542</g18-25>
      <g26-29>319</g26-29>
      <g30-39>470</g30-39>
      <g40-49>312</g40-49>
      <g50-59>299</g50-59>
      <g60-69>200</g60-69>
      <g70-79>157</g70-79>
      <g80plus>109</g80plus>
      <underage>0</underage>
   </agegroup>
</row>
<row name="2006APR">
   <total>3,624</total>
   <agegroup>
      <g16-17>164</g16-17>
      <g18-25>1,990</g18-25>
      <g26-29>251</g26-29>
      <g30-39>336</g30-39>
      <g40-49>205</g40-49>
      <g50-59>244</g50-59>
      <g60-69>140</g60-69>
      <g70-79>154</g70-79>
      <g80plus>140</g80plus>
      <underage>0</underage>
   </agegroup>
</row>
<row name="2006MAY">
   <total>4,344</total>
   <agegroup>
      <g16-17>167</g16-17>
      <g18-25>2,266</g18-25>
      <g26-29>334</g26-29>
      <g30-39>427</g30-39>
      <g40-49>290</g40-49>
      <g50-59>280</g50-59>
      <g60-69>196</g60-69>
      <g70-79>170</g70-79>
      <g80plus>214</g80plus>
      <underage>0</underage>
   </agegroup>
</row>
<row name="2006JUN">
   <total>4,146</total>
   <agegroup>
      <g16-17>179</g16-17>
      <g18-25>2,213</g18-25>
      <g26-29>308</g26-29>
      <g30-39>428</g30-39>
      <g40-49>267</g40-49>
      <g50-59>254</g50-59>
      <g60-69>163</g60-69>
      <g70-79>156</g70-79>
      <g80plus>177</g80plus>
      <underage>1</underage>
   </agegroup>
</row>
<row name="2006JUL">
   <total>4,247</total>
   <agegroup>
      <g16-17>136</g16-17>
      <g18-25>2,271</g18-25>
      <g26-29>346</g26-29>
      <g30-39>439</g30-39>
      <g40-49>267</g40-49>
      <g50-59>232</g50-59>
      <g60-69>185</g60-69>
      <g70-79>153</g70-79>
      <g80plus>218</g80plus>
      <underage>0</underage>
   </agegroup>
</row>
<row name="2006AUG">
   <total>4,817</total>
   <agegroup>
      <g16-17>183</g16-17>
      <g18-25>2,470</g18-25>
      <g26-29>398</g26-29>
      <g30-39>515</g30-39>
      <g40-49>320</g40-49>
      <g50-59>306</g50-59>
      <g60-69>193</g60-69>
      <g70-79>172</g70-79>
      <g80plus>260</g80plus>
      <underage>0</underage>
   </agegroup>
</row>
<row name="2006SEP">
   <total>4,776</total>
   <agegroup>
      <g16-17>203</g16-17>
      <g18-25>2,492</g18-25>
      <g26-29>410</g26-29>
      <g30-39>528</g30-39>
      <g40-49>333</g40-49>
      <g50-59>276</g50-59>
      <g60-69>169</g60-69>
      <g70-79>128</g70-79>
      <g80plus>237</g80plus>
      <underage>0</underage>
   </agegroup>
</row>
<row name="2006OCT">
   <total>4,272</total>
   <agegroup>
      <g16-17>158</g16-17>
      <g18-25>2,129</g18-25>
      <g26-29>350</g26-29>
      <g30-39>499</g30-39>
      <g40-49>322</g40-49>
      <g50-59>282</g50-59>
      <g60-69>157</g60-69>
      <g70-79>143</g70-79>
      <g80plus>232</g80plus>
      <underage>0</underage>
   </agegroup>
</row>
<row name="2006NOV">
   <total>4,743</total>
   <agegroup>
      <g16-17>222</g16-17>
      <g18-25>2,418</g18-25>
      <g26-29>463</g26-29>
      <g30-39>511</g30-39>
      <g40-49>307</g40-49>
      <g50-59>281</g50-59>
      <g60-69>165</g60-69>
      <g70-79>151</g70-79>
      <g80plus>225</g80plus>
      <underage>0</underage>
   </agegroup>
</row>
<row name="2006DEC">
   <total>4,415</total>
   <agegroup>
      <g16-17>212</g16-17>
      <g18-25>2,487</g18-25>
      <g26-29>392</g26-29>
      <g30-39>416</g30-39>
      <g40-49>259</g40-49>
      <g50-59>242</g50-59>
      <g60-69>131</g60-69>
      <g70-79>110</g70-79>
      <g80plus>166</g80plus>
      <underage>0</underage>
   </agegroup>
</row>
<row name="2007JAN">
   <total>4,670</total>
   <agegroup>
      <g16-17>265</g16-17>
      <g18-25>2,165</g18-25>
      <g26-29>370</g26-29>
      <g30-39>530</g30-39>
      <g40-49>328</g40-49>
      <g50-59>339</g50-59>
      <g60-69>210</g60-69>
      <g70-79>175</g70-79>
      <g80plus>287</g80plus>
      <underage>1</underage>
   </agegroup>
</row>
<row name="2007FEB">
   <total>4,391</total>
   <agegroup>
      <g16-17>220</g16-17>
      <g18-25>2,089</g18-25>
      <g26-29>390</g26-29>
      <g30-39>487</g30-39>
      <g40-49>314</g40-49>
      <g50-59>302</g50-59>
      <g60-69>179</g60-69>
      <g70-79>167</g70-79>
      <g80plus>243</g80plus>
      <underage>0</underage>
   </agegroup>
</row>
<row name="2007MAR">
   <total>5,058</total>
   <agegroup>
      <g16-17>178</g16-17>
      <g18-25>2,387</g18-25>
      <g26-29>457</g26-29>
      <g30-39>591</g30-39>
      <g40-49>352</g40-49>
      <g50-59>344</g50-59>
      <g60-69>216</g60-69>
      <g70-79>220</g70-79>
      <g80plus>313</g80plus>
      <underage>0</underage>
   </agegroup>
</row>
<row name="2007APR">
   <total>3,981</total>
   <agegroup>
      <g16-17>189</g16-17>
      <g18-25>1,849</g18-25>
      <g26-29>331</g26-29>
      <g30-39>420</g30-39>
      <g40-49>294</g40-49>
      <g50-59>263</g50-59>
      <g60-69>175</g60-69>
      <g70-79>168</g70-79>
      <g80plus>292</g80plus>
      <underage>0</underage>
   </agegroup>
</row>
<row name="2007MAY">
   <total>4,879</total>
   <agegroup>
      <g16-17>197</g16-17>
      <g18-25>2,176</g18-25>
      <g26-29>389</g26-29>
      <g30-39>569</g30-39>
      <g40-49>386</g40-49>
      <g50-59>317</g50-59>
      <g60-69>233</g60-69>
      <g70-79>247</g70-79>
      <g80plus>365</g80plus>
      <underage>0</underage>
   </agegroup>
</row>
<row name="2007JUN">
   <total>4,148</total>
   <agegroup>
      <g16-17>187</g16-17>
      <g18-25>1,984</g18-25>
      <g26-29>341</g26-29>
      <g30-39>468</g30-39>
      <g40-49>298</g40-49>
      <g50-59>241</g50-59>
      <g60-69>167</g60-69>
      <g70-79>150</g70-79>
      <g80plus>312</g80plus>
      <underage>0</underage>
   </agegroup>
</row>
<row name="2007JUL">
   <total>4,929</total>
   <agegroup>
      <g16-17>194</g16-17>
      <g18-25>2,284</g18-25>
      <g26-29>492</g26-29>
      <g30-39>578</g30-39>
      <g40-49>371</g40-49>
      <g50-59>285</g50-59>
      <g60-69>190</g60-69>
      <g70-79>200</g70-79>
      <g80plus>334</g80plus>
      <underage>1</underage>
   </agegroup>
</row>
<row name="2007AUG">
   <total>5,344</total>
   <agegroup>
      <g16-17>200</g16-17>
      <g18-25>2,463</g18-25>
      <g26-29>543</g26-29>
      <g30-39>649</g30-39>
      <g40-49>356</g40-49>
      <g50-59>355</g50-59>
      <g60-69>183</g60-69>
      <g70-79>215</g70-79>
      <g80plus>380</g80plus>
      <underage>0</underage>
   </agegroup>
</row>
<row name="2007SEP">
   <total>4,678</total>
   <agegroup>
      <g16-17>198</g16-17>
      <g18-25>2,219</g18-25>
      <g26-29>458</g26-29>
      <g30-39>577</g30-39>
      <g40-49>338</g40-49>
      <g50-59>291</g50-59>
      <g60-69>177</g60-69>
      <g70-79>162</g70-79>
      <g80plus>258</g80plus>
      <underage>0</underage>
   </agegroup>
</row>
<row name="2007OCT">
   <total>4,858</total>
   <agegroup>
      <g16-17>227</g16-17>
      <g18-25>2,152</g18-25>
      <g26-29>476</g26-29>
      <g30-39>595</g30-39>
      <g40-49>337</g40-49>
      <g50-59>305</g50-59>
      <g60-69>194</g60-69>
      <g70-79>261</g70-79>
      <g80plus>311</g80plus>
      <underage>0</underage>
   </agegroup>
</row>
<row name="2007NOV">
   <total>4,888</total>
   <agegroup>
      <g16-17>225</g16-17>
      <g18-25>2,317</g18-25>
      <g26-29>426</g26-29>
      <g30-39>617</g30-39>
      <g40-49>306</g40-49>
      <g50-59>281</g50-59>
      <g60-69>186</g60-69>
      <g70-79>213</g70-79>
      <g80plus>317</g80plus>
      <underage>0</underage>
   </agegroup>
</row>
<row name="2007DEC">
   <total>4,524</total>
   <agegroup>
      <g16-17>170</g16-17>
      <g18-25>2,248</g18-25>
      <g26-29>452</g26-29>
      <g30-39>556</g30-39>
      <g40-49>330</g40-49>
      <g50-59>255</g50-59>
      <g60-69>156</g60-69>
      <g70-79>156</g70-79>
      <g80plus>201</g80plus>
      <underage>0</underage>
   </agegroup>
</row>
<row name="2008JAN">
   <total>5,015</total>
   <agegroup>
      <g16-17>259</g16-17>
      <g18-25>2,099</g18-25>
      <g26-29>480</g26-29>
      <g30-39>595</g30-39>
      <g40-49>406</g40-49>
      <g50-59>346</g50-59>
      <g60-69>244</g60-69>
      <g70-79>217</g70-79>
      <g80plus>369</g80plus>
      <underage>0</underage>
   </agegroup>
</row>
<row name="2008FEB">
   <total>5,151</total>
   <agegroup>
      <g16-17>219</g16-17>
      <g18-25>2,288</g18-25>
      <g26-29>517</g26-29>
      <g30-39>621</g30-39>
      <g40-49>401</g40-49>
      <g50-59>320</g50-59>
      <g60-69>222</g60-69>
      <g70-79>218</g70-79>
      <g80plus>345</g80plus>
      <underage>0</underage>
   </agegroup>
</row>
<row name="2008MAR">
   <total>4,646</total>
   <agegroup>
      <g16-17>189</g16-17>
      <g18-25>2,057</g18-25>
      <g26-29>440</g26-29>
      <g30-39>560</g30-39>
      <g40-49>378</g40-49>
      <g50-59>269</g50-59>
      <g60-69>199</g60-69>
      <g70-79>213</g70-79>
      <g80plus>341</g80plus>
      <underage>0</underage>
   </agegroup>
</row>
<row name="2008APR">
   <total>5,009</total>
   <agegroup>
      <g16-17>224</g16-17>
      <g18-25>2,174</g18-25>
      <g26-29>484</g26-29>
      <g30-39>639</g30-39>
      <g40-49>354</g40-49>
      <g50-59>322</g50-59>
      <g60-69>206</g60-69>
      <g70-79>228</g70-79>
      <g80plus>378</g80plus>
      <underage>0</underage>
   </agegroup>
</row>
<row name="2008MAY">
   <total>5,393</total>
   <agegroup>
      <g16-17>237</g16-17>
      <g18-25>2,279</g18-25>
      <g26-29>568</g26-29>
      <g30-39>655</g30-39>
      <g40-49>406</g40-49>
      <g50-59>327</g50-59>
      <g60-69>234</g60-69>
      <g70-79>294</g70-79>
      <g80plus>393</g80plus>
      <underage>0</underage>
   </agegroup>
</row>
<row name="2008JUN">
   <total>5,037</total>
   <agegroup>
      <g16-17>229</g16-17>
      <g18-25>2,184</g18-25>
      <g26-29>507</g26-29>
      <g30-39>652</g30-39>
      <g40-49>382</g40-49>
      <g50-59>319</g50-59>
      <g60-69>209</g60-69>
      <g70-79>221</g70-79>
      <g80plus>334</g80plus>
      <underage>0</underage>
   </agegroup>
</row>
<row name="2008JUL">
   <total>6,166</total>
   <agegroup>
      <g16-17>259</g16-17>
      <g18-25>2,778</g18-25>
      <g26-29>651</g26-29>
      <g30-39>824</g30-39>
      <g40-49>459</g40-49>
      <g50-59>338</g50-59>
      <g60-69>230</g60-69>
      <g70-79>249</g70-79>
      <g80plus>378</g80plus>
      <underage>0</underage>
   </agegroup>
</row>
<row name="2008AUG">
   <total>6,166</total>
   <agegroup>
      <g16-17>311</g16-17>
      <g18-25>2,734</g18-25>
      <g26-29>667</g26-29>
      <g30-39>783</g30-39>
      <g40-49>500</g40-49>
      <g50-59>325</g50-59>
      <g60-69>225</g60-69>
      <g70-79>259</g70-79>
      <g80plus>362</g80plus>
      <underage>0</underage>
   </agegroup>
</row>
<row name="2008SEP">
   <total>6,226</total>
   <agegroup>
      <g16-17>241</g16-17>
      <g18-25>2,720</g18-25>
      <g26-29>688</g26-29>
      <g30-39>848</g30-39>
      <g40-49>526</g40-49>
      <g50-59>353</g50-59>
      <g60-69>242</g60-69>
      <g70-79>267</g70-79>
      <g80plus>341</g80plus>
      <underage>0</underage>
   </agegroup>
</row>
<row name="2008OCT">
   <total>6,214</total>
   <agegroup>
      <g16-17>231</g16-17>
      <g18-25>2,768</g18-25>
      <g26-29>675</g26-29>
      <g30-39>800</g30-39>
      <g40-49>494</g40-49>
      <g50-59>371</g50-59>
      <g60-69>264</g60-69>
      <g70-79>229</g70-79>
      <g80plus>381</g80plus>
      <underage>1</underage>
   </agegroup>
</row>
<row name="2008NOV">
   <total>5,633</total>
   <agegroup>
      <g16-17>270</g16-17>
      <g18-25>2,539</g18-25>
      <g26-29>623</g26-29>
      <g30-39>751</g30-39>
      <g40-49>388</g40-49>
      <g50-59>302</g50-59>
      <g60-69>215</g60-69>
      <g70-79>223</g70-79>
      <g80plus>321</g80plus>
      <underage>1</underage>
   </agegroup>
</row>
<row name="2008DEC">
   <total>6,741</total>
   <agegroup>
      <g16-17>317</g16-17>
      <g18-25>3,169</g18-25>
      <g26-29>777</g26-29>
      <g30-39>789</g30-39>
      <g40-49>471</g40-49>
      <g50-59>326</g50-59>
      <g60-69>211</g60-69>
      <g70-79>408</g70-79>
      <g80plus>273</g80plus>
      <underage>0</underage>
   </agegroup>
</row>
<row name="2009JAN">
   <total>6,959</total>
   <agegroup>
      <g16-17>289</g16-17>
      <g18-25>3,044</g18-25>
      <g26-29>828</g26-29>
      <g30-39>857</g30-39>
      <g40-49>455</g40-49>
      <g50-59>403</g50-59>
      <g60-69>270</g60-69>
      <g70-79>502</g70-79>
      <g80plus>311</g80plus>
      <underage>0</underage>
   </agegroup>
</row>
<row name="2009FEB">
   <total>6,922</total>
   <agegroup>
      <g16-17>258</g16-17>
      <g18-25>3,058</g18-25>
      <g26-29>791</g26-29>
      <g30-39>756</g30-39>
      <g40-49>421</g40-49>
      <g50-59>372</g50-59>
      <g60-69>261</g60-69>
      <g70-79>647</g70-79>
      <g80plus>358</g80plus>
      <underage>0</underage>
   </agegroup>
</row>
<row name="2009MAR">
   <total>7,665</total>
   <agegroup>
      <g16-17>284</g16-17>
      <g18-25>3,239</g18-25>
      <g26-29>920</g26-29>
      <g30-39>1,022</g30-39>
      <g40-49>546</g40-49>
      <g50-59>395</g50-59>
      <g60-69>289</g60-69>
      <g70-79>624</g70-79>
      <g80plus>346</g80plus>
      <underage>0</underage>
   </agegroup>
</row>
<row name="2009APR">
   <total>7,073</total>
   <agegroup>
      <g16-17>315</g16-17>
      <g18-25>2,906</g18-25>
      <g26-29>857</g26-29>
      <g30-39>861</g30-39>
      <g40-49>474</g40-49>
      <g50-59>351</g50-59>
      <g60-69>296</g60-69>
      <g70-79>648</g70-79>
      <g80plus>365</g80plus>
      <underage>0</underage>
   </agegroup>
</row>
<row name="2009MAY">
   <total>7,361</total>
   <agegroup>
      <g16-17>244</g16-17>
      <g18-25>2,961</g18-25>
      <g26-29>918</g26-29>
      <g30-39>930</g30-39>
      <g40-49>526</g40-49>
      <g50-59>419</g50-59>
      <g60-69>314</g60-69>
      <g70-79>686</g70-79>
      <g80plus>363</g80plus>
      <underage>0</underage>
   </agegroup>
</row>
<row name="2009JUN">
   <total>7,054</total>
   <agegroup>
      <g16-17>246</g16-17>
      <g18-25>2,807</g18-25>
      <g26-29>823</g26-29>
      <g30-39>883</g30-39>
      <g40-49>497</g40-49>
      <g50-59>385</g50-59>
      <g60-69>291</g60-69>
      <g70-79>745</g70-79>
      <g80plus>377</g80plus>
      <underage>0</underage>
   </agegroup>
</row>
<row name="2009JUL">
   <total>8,019</total>
   <agegroup>
      <g16-17>320</g16-17>
      <g18-25>3,211</g18-25>
      <g26-29>959</g26-29>
      <g30-39>984</g30-39>
      <g40-49>549</g40-49>
      <g50-59>462</g50-59>
      <g60-69>336</g60-69>
      <g70-79>781</g70-79>
      <g80plus>417</g80plus>
      <underage>0</underage>
   </agegroup>
</row>
<row name="2009AUG">
   <total>7,503</total>
   <agegroup>
      <g16-17>248</g16-17>
      <g18-25>2,966</g18-25>
      <g26-29>929</g26-29>
      <g30-39>1,042</g30-39>
      <g40-49>501</g40-49>
      <g50-59>417</g50-59>
      <g60-69>341</g60-69>
      <g70-79>720</g70-79>
      <g80plus>339</g80plus>
      <underage>0</underage>
   </agegroup>
</row>
<row name="2009SEP">
   <total>7,376</total>
   <agegroup>
      <g16-17>252</g16-17>
      <g18-25>2,923</g18-25>
      <g26-29>876</g26-29>
      <g30-39>962</g30-39>
      <g40-49>538</g40-49>
      <g50-59>409</g50-59>
      <g60-69>351</g60-69>
      <g70-79>681</g70-79>
      <g80plus>384</g80plus>
      <underage>0</underage>
   </agegroup>
</row>
<row name="2009OCT">
   <total>7,273</total>
   <agegroup>
      <g16-17>291</g16-17>
      <g18-25>2,835</g18-25>
      <g26-29>876</g26-29>
      <g30-39>918</g30-39>
      <g40-49>504</g40-49>
      <g50-59>452</g50-59>
      <g60-69>344</g60-69>
      <g70-79>666</g70-79>
      <g80plus>387</g80plus>
      <underage>0</underage>
   </agegroup>
</row>
<row name="2009NOV">
   <total>6,686</total>
   <agegroup>
      <g16-17>285</g16-17>
      <g18-25>2,638</g18-25>
      <g26-29>752</g26-29>
      <g30-39>877</g30-39>
      <g40-49>479</g40-49>
      <g50-59>375</g50-59>
      <g60-69>328</g60-69>
      <g70-79>597</g70-79>
      <g80plus>355</g80plus>
      <underage>0</underage>
   </agegroup>
</row>
<row name="2009DEC">
   <total>6,644</total>
   <agegroup>
      <g16-17>250</g16-17>
      <g18-25>2,791</g18-25>
      <g26-29>830</g26-29>
      <g30-39>882</g30-39>
      <g40-49>435</g40-49>
      <g50-59>379</g50-59>
      <g60-69>275</g60-69>
      <g70-79>466</g70-79>
      <g80plus>336</g80plus>
      <underage>0</underage>
   </agegroup>
</row>
<row name="2010JAN">
   <total>6,762</total>
   <agegroup>
      <g16-17>300</g16-17>
      <g18-25>2,686</g18-25>
      <g26-29>733</g26-29>
      <g30-39>795</g30-39>
      <g40-49>514</g40-49>
      <g50-59>414</g50-59>
      <g60-69>324</g60-69>
      <g70-79>575</g70-79>
      <g80plus>421</g80plus>
      <underage>0</underage>
   </agegroup>
</row>
<row name="2010FEB">
   <total>6,798</total>
   <agegroup>
      <g16-17>331</g16-17>
      <g18-25>2,660</g18-25>
      <g26-29>768</g26-29>
      <g30-39>915</g30-39>
      <g40-49>477</g40-49>
      <g50-59>419</g50-59>
      <g60-69>352</g60-69>
      <g70-79>477</g70-79>
      <g80plus>399</g80plus>
      <underage>0</underage>
   </agegroup>
</row>
<row name="2010MAR">
   <total>7,355</total>
   <agegroup>
      <g16-17>282</g16-17>
      <g18-25>2,829</g18-25>
      <g26-29>897</g26-29>
      <g30-39>973</g30-39>
      <g40-49>525</g40-49>
      <g50-59>440</g50-59>
      <g60-69>406</g60-69>
      <g70-79>530</g70-79>
      <g80plus>473</g80plus>
      <underage>0</underage>
   </agegroup>
</row>
<row name="2010APR">
   <total>6,389</total>
   <agegroup>
      <g16-17>281</g16-17>
      <g18-25>2,582</g18-25>
      <g26-29>761</g26-29>
      <g30-39>859</g30-39>
      <g40-49>500</g40-49>
      <g50-59>369</g50-59>
      <g60-69>314</g60-69>
      <g70-79>359</g70-79>
      <g80plus>363</g80plus>
      <underage>1</underage>
   </agegroup>
</row>
<row name="2010MAY">
   <total>7,697</total>
   <agegroup>
      <g16-17>260</g16-17>
      <g18-25>2,684</g18-25>
      <g26-29>867</g26-29>
      <g30-39>932</g30-39>
      <g40-49>518</g40-49>
      <g50-59>475</g50-59>
      <g60-69>650</g60-69>
      <g70-79>764</g70-79>
      <g80plus>547</g80plus>
      <underage>0</underage>
   </agegroup>
</row>
<row name="2010JUN">
   <total>7,556</total>
   <agegroup>
      <g16-17>233</g16-17>
      <g18-25>2,659</g18-25>
      <g26-29>771</g26-29>
      <g30-39>917</g30-39>
      <g40-49>513</g40-49>
      <g50-59>493</g50-59>
      <g60-69>556</g60-69>
      <g70-79>844</g70-79>
      <g80plus>570</g80plus>
      <underage>0</underage>
   </agegroup>
</row>
<row name="2010JUL">
   <total>8,665</total>
   <agegroup>
      <g16-17>309</g16-17>
      <g18-25>2,997</g18-25>
      <g26-29>1,004</g26-29>
      <g30-39>1,048</g30-39>
      <g40-49>603</g40-49>
      <g50-59>557</g50-59>
      <g60-69>625</g60-69>
      <g70-79>844</g70-79>
      <g80plus>678</g80plus>
      <underage>0</underage>
   </agegroup>
</row>
<row name="2010AUG">
   <total>8,204</total>
   <agegroup>
      <g16-17>266</g16-17>
      <g18-25>2,780</g18-25>
      <g26-29>893</g26-29>
      <g30-39>1,112</g30-39>
      <g40-49>613</g40-49>
      <g50-59>540</g50-59>
      <g60-69>553</g60-69>
      <g70-79>802</g70-79>
      <g80plus>645</g80plus>
      <underage>0</underage>
   </agegroup>
</row>
<row name="2010SEP">
   <total>7,937</total>
   <agegroup>
      <g16-17>265</g16-17>
      <g18-25>2,871</g18-25>
      <g26-29>977</g26-29>
      <g30-39>1,024</g30-39>
      <g40-49>540</g40-49>
      <g50-59>522</g50-59>
      <g60-69>507</g60-69>
      <g70-79>684</g70-79>
      <g80plus>547</g80plus>
      <underage>0</underage>
   </agegroup>
</row>
<row name="2010OCT">
   <total>6,787</total>
   <agegroup>
      <g16-17>252</g16-17>
      <g18-25>2,344</g18-25>
      <g26-29>773</g26-29>
      <g30-39>940</g30-39>
      <g40-49>549</g40-49>
      <g50-59>458</g50-59>
      <g60-69>447</g60-69>
      <g70-79>552</g70-79>
      <g80plus>472</g80plus>
      <underage>0</underage>
   </agegroup>
</row>
<row name="2010NOV">
   <total>7,092</total>
   <agegroup>
      <g16-17>246</g16-17>
      <g18-25>2,522</g18-25>
      <g26-29>789</g26-29>
      <g30-39>960</g30-39>
      <g40-49>537</g40-49>
      <g50-59>477</g50-59>
      <g60-69>507</g60-69>
      <g70-79>602</g70-79>
      <g80plus>452</g80plus>
      <underage>0</underage>
   </agegroup>
</row>
<row name="2010DEC">
   <total>6,692</total>
   <agegroup>
      <g16-17>265</g16-17>
      <g18-25>2,443</g18-25>
      <g26-29>761</g26-29>
      <g30-39>869</g30-39>
      <g40-49>565</g40-49>
      <g50-59>449</g50-59>
      <g60-69>493</g60-69>
      <g70-79>471</g70-79>
      <g80plus>376</g80plus>
      <underage>0</underage>
   </agegroup>
</row>
<row name="2011JAN">
   <total>6,949</total>
   <agegroup>
      <g16-17>307</g16-17>
      <g18-25>2,189</g18-25>
      <g26-29>712</g26-29>
      <g30-39>853</g30-39>
      <g40-49>556</g40-49>
      <g50-59>560</g50-59>
      <g60-69>601</g60-69>
      <g70-79>647</g70-79>
      <g80plus>524</g80plus>
      <underage>0</underage>
   </agegroup>
</row>
<row name="2011FEB">
   <total>6,929</total>
   <agegroup>
      <g16-17>279</g16-17>
      <g18-25>2,338</g18-25>
      <g26-29>747</g26-29>
      <g30-39>927</g30-39>
      <g40-49>564</g40-49>
      <g50-59>476</g50-59>
      <g60-69>545</g60-69>
      <g70-79>581</g70-79>
      <g80plus>472</g80plus>
      <underage>0</underage>
   </agegroup>
</row>
<row name="2011MAR">
   <total>8,532</total>
   <agegroup>
      <g16-17>249</g16-17>
      <g18-25>2,632</g18-25>
      <g26-29>889</g26-29>
      <g30-39>1,122</g30-39>
      <g40-49>746</g40-49>
      <g50-59>670</g50-59>
      <g60-69>779</g60-69>
      <g70-79>763</g70-79>
      <g80plus>681</g80plus>
      <underage>1</underage>
   </agegroup>
</row>
<row name="2011APR">
   <total>6,953</total>
   <agegroup>
      <g16-17>257</g16-17>
      <g18-25>2,259</g18-25>
      <g26-29>767</g26-29>
      <g30-39>905</g30-39>
      <g40-49>537</g40-49>
      <g50-59>574</g50-59>
      <g60-69>573</g60-69>
      <g70-79>576</g70-79>
      <g80plus>505</g80plus>
      <underage>0</underage>
   </agegroup>
</row>
<row name="2011MAY">
   <total>7,549</total>
   <agegroup>
      <g16-17>260</g16-17>
      <g18-25>2,354</g18-25>
      <g26-29>769</g26-29>
      <g30-39>1,059</g30-39>
      <g40-49>648</g40-49>
      <g50-59>591</g50-59>
      <g60-69>669</g60-69>
      <g70-79>608</g70-79>
      <g80plus>591</g80plus>
      <underage>0</underage>
   </agegroup>
</row>
<row name="2011JUN">
   <total>8,535</total>
   <agegroup>
      <g16-17>255</g16-17>
      <g18-25>2,450</g18-25>
      <g26-29>807</g26-29>
      <g30-39>1,019</g30-39>
      <g40-49>635</g40-49>
      <g50-59>659</g50-59>
      <g60-69>667</g60-69>
      <g70-79>935</g70-79>
      <g80plus>1,108</g80plus>
      <underage>0</underage>
   </agegroup>
</row>
<row name="2011JUL">
   <total>8,392</total>
   <agegroup>
      <g16-17>302</g16-17>
      <g18-25>2,515</g18-25>
      <g26-29>872</g26-29>
      <g30-39>1,099</g30-39>
      <g40-49>718</g40-49>
      <g50-59>661</g50-59>
      <g60-69>670</g60-69>
      <g70-79>769</g70-79>
      <g80plus>786</g80plus>
      <underage>0</underage>
   </agegroup>
</row>
<row name="2011AUG">
   <total>8,528</total>
   <agegroup>
      <g16-17>253</g16-17>
      <g18-25>2,556</g18-25>
      <g26-29>873</g26-29>
      <g30-39>1,134</g30-39>
      <g40-49>756</g40-49>
      <g50-59>712</g50-59>
      <g60-69>735</g60-69>
      <g70-79>733</g70-79>
      <g80plus>776</g80plus>
      <underage>0</underage>
   </agegroup>
</row>
<row name="2011SEP">
   <total>8,028</total>
   <agegroup>
      <g16-17>288</g16-17>
      <g18-25>2,598</g18-25>
      <g26-29>857</g26-29>
      <g30-39>1,109</g30-39>
      <g40-49>727</g40-49>
      <g50-59>620</g50-59>
      <g60-69>642</g60-69>
      <g70-79>597</g70-79>
      <g80plus>589</g80plus>
      <underage>1</underage>
   </agegroup>
</row>
<row name="2011OCT">
   <total>7,543</total>
   <agegroup>
      <g16-17>242</g16-17>
      <g18-25>2,323</g18-25>
      <g26-29>836</g26-29>
      <g30-39>1,036</g30-39>
      <g40-49>670</g40-49>
      <g50-59>635</g50-59>
      <g60-69>634</g60-69>
      <g70-79>548</g70-79>
      <g80plus>619</g80plus>
      <underage>0</underage>
   </agegroup>
</row>
<row name="2011NOV">
   <total>7,934</total>
   <agegroup>
      <g16-17>315</g16-17>
      <g18-25>2,546</g18-25>
      <g26-29>875</g26-29>
      <g30-39>1,147</g30-39>
      <g40-49>695</g40-49>
      <g50-59>622</g50-59>
      <g60-69>585</g60-69>
      <g70-79>546</g70-79>
      <g80plus>603</g80plus>
      <underage>0</underage>
   </agegroup>
</row>
<row name="2011DEC">
   <total>7,071</total>
   <agegroup>
      <g16-17>294</g16-17>
      <g18-25>2,329</g18-25>
      <g26-29>818</g26-29>
      <g30-39>992</g30-39>
      <g40-49>581</g40-49>
      <g50-59>600</g50-59>
      <g60-69>501</g60-69>
      <g70-79>490</g70-79>
      <g80plus>466</g80plus>
      <underage>0</underage>
   </agegroup>
</row>
<row name="2012JAN">
   <total>7,593</total>
   <agegroup>
      <g16-17>300</g16-17>
      <g18-25>2,100</g18-25>
      <g26-29>785</g26-29>
      <g30-39>1,023</g30-39>
      <g40-49>704</g40-49>
      <g50-59>666</g50-59>
      <g60-69>702</g60-69>
      <g70-79>652</g70-79>
      <g80plus>661</g80plus>
      <underage>0</underage>
   </agegroup>
</row>
<row name="2012FEB">
   <total>7,799</total>
   <agegroup>
      <g16-17>271</g16-17>
      <g18-25>2,289</g18-25>
      <g26-29>836</g26-29>
      <g30-39>986</g30-39>
      <g40-49>691</g40-49>
      <g50-59>670</g50-59>
      <g60-69>642</g60-69>
      <g70-79>677</g70-79>
      <g80plus>737</g80plus>
      <underage>0</underage>
   </agegroup>
</row>
<row name="2012MAR">
   <total>8,300</total>
   <agegroup>
      <g16-17>269</g16-17>
      <g18-25>2,484</g18-25>
      <g26-29>867</g26-29>
      <g30-39>1,098</g30-39>
      <g40-49>707</g40-49>
      <g50-59>695</g50-59>
      <g60-69>720</g60-69>
      <g70-79>684</g70-79>
      <g80plus>776</g80plus>
      <underage>0</underage>
   </agegroup>
</row>
<row name="2012APR">
   <total>6,736</total>
   <agegroup>
      <g16-17>228</g16-17>
      <g18-25>1,983</g18-25>
      <g26-29>671</g26-29>
      <g30-39>885</g30-39>
      <g40-49>571</g40-49>
      <g50-59>554</g50-59>
      <g60-69>552</g60-69>
      <g70-79>613</g70-79>
      <g80plus>679</g80plus>
      <underage>0</underage>
   </agegroup>
</row>
<row name="2012MAY">
   <total>8,235</total>
   <agegroup>
      <g16-17>270</g16-17>
      <g18-25>2,270</g18-25>
      <g26-29>863</g26-29>
      <g30-39>1,102</g30-39>
      <g40-49>737</g40-49>
      <g50-59>703</g50-59>
      <g60-69>662</g60-69>
      <g70-79>774</g70-79>
      <g80plus>854</g80plus>
      <underage>0</underage>
   </agegroup>
</row>
<row name="2012JUN">
   <total>7,252</total>
   <agegroup>
      <g16-17>236</g16-17>
      <g18-25>2,214</g18-25>
      <g26-29>708</g26-29>
      <g30-39>975</g30-39>
      <g40-49>636</g40-49>
      <g50-59>595</g50-59>
      <g60-69>624</g60-69>
      <g70-79>605</g70-79>
      <g80plus>659</g80plus>
      <underage>0</underage>
   </agegroup>
</row>
<row name="2012JUL">
   <total>8,227</total>
   <agegroup>
      <g16-17>314</g16-17>
      <g18-25>2,427</g18-25>
      <g26-29>798</g26-29>
      <g30-39>1,178</g30-39>
      <g40-49>758</g40-49>
      <g50-59>693</g50-59>
      <g60-69>697</g60-69>
      <g70-79>651</g70-79>
      <g80plus>711</g80plus>
      <underage>0</underage>
   </agegroup>
</row>
<row name="2012AUG">
   <total>8,231</total>
   <agegroup>
      <g16-17>257</g16-17>
      <g18-25>2,371</g18-25>
      <g26-29>808</g26-29>
      <g30-39>1,210</g30-39>
      <g40-49>786</g40-49>
      <g50-59>754</g50-59>
      <g60-69>675</g60-69>
      <g70-79>643</g70-79>
      <g80plus>727</g80plus>
      <underage>0</underage>
   </agegroup>
</row>
<row name="2012SEP">
   <total>7,722</total>
   <agegroup>
      <g16-17>262</g16-17>
      <g18-25>2,291</g18-25>
      <g26-29>811</g26-29>
      <g30-39>1,066</g30-39>
      <g40-49>762</g40-49>
      <g50-59>686</g50-59>
      <g60-69>611</g60-69>
      <g70-79>540</g70-79>
      <g80plus>693</g80plus>
      <underage>0</underage>
   </agegroup>
</row>
<row name="2012OCT">
   <total>8,103</total>
   <agegroup>
      <g16-17>288</g16-17>
      <g18-25>2,363</g18-25>
      <g26-29>863</g26-29>
      <g30-39>1,147</g30-39>
      <g40-49>764</g40-49>
      <g50-59>696</g50-59>
      <g60-69>654</g60-69>
      <g70-79>611</g70-79>
      <g80plus>717</g80plus>
      <underage>0</underage>
   </agegroup>
</row>
<row name="2012NOV">
   <total>8,259</total>
   <agegroup>
      <g16-17>271</g16-17>
      <g18-25>2,626</g18-25>
      <g26-29>868</g26-29>
      <g30-39>1,146</g30-39>
      <g40-49>732</g40-49>
      <g50-59>641</g50-59>
      <g60-69>638</g60-69>
      <g70-79>603</g70-79>
      <g80plus>734</g80plus>
      <underage>0</underage>
   </agegroup>
</row>
<row name="2012DEC">
   <total>7,692</total>
   <agegroup>
      <g16-17>296</g16-17>
      <g18-25>2,322</g18-25>
      <g26-29>847</g26-29>
      <g30-39>994</g30-39>
      <g40-49>648</g40-49>
      <g50-59>615</g50-59>
      <g60-69>733</g60-69>
      <g70-79>674</g70-79>
      <g80plus>563</g80plus>
      <underage>0</underage>
   </agegroup>
</row>
<row name="2013JAN">
   <total>9,090</total>
   <agegroup>
      <g16-17>345</g16-17>
      <g18-25>2,444</g18-25>
      <g26-29>891</g26-29>
      <g30-39>1,202</g30-39>
      <g40-49>808</g40-49>
      <g50-59>722</g50-59>
      <g60-69>891</g60-69>
      <g70-79>924</g70-79>
      <g80plus>863</g80plus>
      <underage>0</underage>
   </agegroup>
</row>
<row name="2013FEB">
   <total>8,454</total>
   <agegroup>
      <g16-17>302</g16-17>
      <g18-25>2,410</g18-25>
      <g26-29>841</g26-29>
      <g30-39>1,173</g30-39>
      <g40-49>753</g40-49>
      <g50-59>678</g50-59>
      <g60-69>788</g60-69>
      <g70-79>749</g70-79>
      <g80plus>760</g80plus>
      <underage>0</underage>
   </agegroup>
</row>
<row name="2013MAR">
   <total>8,187</total>
   <agegroup>
      <g16-17>302</g16-17>
      <g18-25>2,453</g18-25>
      <g26-29>869</g26-29>
      <g30-39>1,172</g30-39>
      <g40-49>647</g40-49>
      <g50-59>650</g50-59>
      <g60-69>707</g60-69>
      <g70-79>678</g70-79>
      <g80plus>709</g80plus>
      <underage>0</underage>
   </agegroup>
</row>
<row name="2013APR">
   <total>8,023</total>
   <agegroup>
      <g16-17>275</g16-17>
      <g18-25>2,308</g18-25>
      <g26-29>812</g26-29>
      <g30-39>1,066</g30-39>
      <g40-49>676</g40-49>
      <g50-59>688</g50-59>
      <g60-69>749</g60-69>
      <g70-79>699</g70-79>
      <g80plus>750</g80plus>
      <underage>0</underage>
   </agegroup>
</row>
<row name="2013MAY">
   <total>8,577</total>
   <agegroup>
      <g16-17>249</g16-17>
      <g18-25>2,318</g18-25>
      <g26-29>905</g26-29>
      <g30-39>1,199</g30-39>
      <g40-49>795</g40-49>
      <g50-59>718</g50-59>
      <g60-69>808</g60-69>
      <g70-79>780</g70-79>
      <g80plus>805</g80plus>
      <underage>0</underage>
   </agegroup>
</row>
<row name="2013JUN">
   <total>7,326</total>
   <agegroup>
      <g16-17>212</g16-17>
      <g18-25>2,133</g18-25>
      <g26-29>726</g26-29>
      <g30-39>1,049</g30-39>
      <g40-49>699</g40-49>
      <g50-59>613</g50-59>
      <g60-69>664</g60-69>
      <g70-79>591</g70-79>
      <g80plus>639</g80plus>
      <underage>0</underage>
   </agegroup>
</row>
<row name="2013JUL">
   <total>9,626</total>
   <agegroup>
      <g16-17>309</g16-17>
      <g18-25>2,850</g18-25>
      <g26-29>990</g26-29>
      <g30-39>1,383</g30-39>
      <g40-49>870</g40-49>
      <g50-59>804</g50-59>
      <g60-69>815</g60-69>
      <g70-79>755</g70-79>
      <g80plus>850</g80plus>
      <underage>0</underage>
   </agegroup>
</row>
<row name="2013AUG">
   <total>9,175</total>
   <agegroup>
      <g16-17>242</g16-17>
      <g18-25>2,596</g18-25>
      <g26-29>953</g26-29>
      <g30-39>1,385</g30-39>
      <g40-49>895</g40-49>
      <g50-59>791</g50-59>
      <g60-69>784</g60-69>
      <g70-79>724</g70-79>
      <g80plus>805</g80plus>
      <underage>0</underage>
   </agegroup>
</row>
<row name="2013SEP">
   <total>8,362</total>
   <agegroup>
      <g16-17>254</g16-17>
      <g18-25>2,469</g18-25>
      <g26-29>932</g26-29>
      <g30-39>1,146</g30-39>
      <g40-49>789</g40-49>
      <g50-59>694</g50-59>
      <g60-69>784</g60-69>
      <g70-79>603</g70-79>
      <g80plus>691</g80plus>
      <underage>0</underage>
   </agegroup>
</row>
<row name="2013OCT">
   <total>8,779</total>
   <agegroup>
      <g16-17>286</g16-17>
      <g18-25>2,484</g18-25>
      <g26-29>931</g26-29>
      <g30-39>1,246</g30-39>
      <g40-49>847</g40-49>
      <g50-59>724</g50-59>
      <g60-69>759</g60-69>
      <g70-79>688</g70-79>
      <g80plus>814</g80plus>
      <underage>0</underage>
   </agegroup>
</row>
<row name="2013NOV">
   <total>8,677</total>
   <agegroup>
      <g16-17>273</g16-17>
      <g18-25>2,533</g18-25>
      <g26-29>947</g26-29>
      <g30-39>1,307</g30-39>
      <g40-49>770</g40-49>
      <g50-59>712</g50-59>
      <g60-69>732</g60-69>
      <g70-79>648</g70-79>
      <g80plus>755</g80plus>
      <underage>0</underage>
   </agegroup>
</row>
<row name="2013DEC">
   <total>7,419</total>
   <agegroup>
      <g16-17>222</g16-17>
      <g18-25>2,149</g18-25>
      <g26-29>852</g26-29>
      <g30-39>1,152</g30-39>
      <g40-49>651</g40-49>
      <g50-59>617</g50-59>
      <g60-69>618</g60-69>
      <g70-79>531</g70-79>
      <g80plus>627</g80plus>
      <underage>0</underage>
   </agegroup>
</row>
<row name="2014JAN">
   <total>9,363</total>
   <agegroup>
      <g16-17>261</g16-17>
      <g18-25>2,422</g18-25>
      <g26-29>1,031</g26-29>
      <g30-39>1,372</g30-39>
      <g40-49>872</g40-49>
      <g50-59>802</g50-59>
      <g60-69>811</g60-69>
      <g70-79>815</g70-79>
      <g80plus>977</g80plus>
      <underage>0</underage>
   </agegroup>
</row>
<row name="2014FEB">
   <total>9,078</total>
   <agegroup>
      <g16-17>251</g16-17>
      <g18-25>2,464</g18-25>
      <g26-29>948</g26-29>
      <g30-39>1,302</g30-39>
      <g40-49>807</g40-49>
      <g50-59>783</g50-59>
      <g60-69>810</g60-69>
      <g70-79>777</g70-79>
      <g80plus>936</g80plus>
      <underage>0</underage>
   </agegroup>
</row>
<row name="2014MAR">
   <total>9,536</total>
   <agegroup>
      <g16-17>294</g16-17>
      <g18-25>2,638</g18-25>
      <g26-29>1,006</g26-29>
      <g30-39>1,385</g30-39>
      <g40-49>853</g40-49>
      <g50-59>794</g50-59>
      <g60-69>861</g60-69>
      <g70-79>766</g70-79>
      <g80plus>939</g80plus>
      <underage>0</underage>
   </agegroup>
</row>
<row name="2014APR">
   <total>8,369</total>
   <agegroup>
      <g16-17>233</g16-17>
      <g18-25>2,214</g18-25>
      <g26-29>953</g26-29>
      <g30-39>1,259</g30-39>
      <g40-49>760</g40-49>
      <g50-59>690</g50-59>
      <g60-69>743</g60-69>
      <g70-79>660</g70-79>
      <g80plus>857</g80plus>
      <underage>0</underage>
   </agegroup>
</row>
<row name="2014MAY">
   <total>9,620</total>
   <agegroup>
      <g16-17>228</g16-17>
      <g18-25>2,532</g18-25>
      <g26-29>1,041</g26-29>
      <g30-39>1,423</g30-39>
      <g40-49>891</g40-49>
      <g50-59>807</g50-59>
      <g60-69>893</g60-69>
      <g70-79>823</g70-79>
      <g80plus>982</g80plus>
      <underage>0</underage>
   </agegroup>
</row>
<row name="2014JUN">
   <total>8,488</total>
   <agegroup>
      <g16-17>183</g16-17>
      <g18-25>2,287</g18-25>
      <g26-29>907</g26-29>
      <g30-39>1,345</g30-39>
      <g40-49>719</g40-49>
      <g50-59>655</g50-59>
      <g60-69>742</g60-69>
      <g70-79>712</g70-79>
      <g80plus>938</g80plus>
      <underage>0</underage>
   </agegroup>
</row>
<row name="2014JUL">
   <total>10,219</total>
   <agegroup>
      <g16-17>313</g16-17>
      <g18-25>2,891</g18-25>
      <g26-29>1,139</g26-29>
      <g30-39>1,535</g30-39>
      <g40-49>869</g40-49>
      <g50-59>815</g50-59>
      <g60-69>854</g60-69>
      <g70-79>811</g70-79>
      <g80plus>992</g80plus>
      <underage>0</underage>
   </agegroup>
</row>
<row name="2014AUG">
   <total>9,510</total>
   <agegroup>
      <g16-17>227</g16-17>
      <g18-25>2,665</g18-25>
      <g26-29>1,049</g26-29>
      <g30-39>1,408</g30-39>
      <g40-49>883</g40-49>
      <g50-59>786</g50-59>
      <g60-69>787</g60-69>
      <g70-79>816</g70-79>
      <g80plus>889</g80plus>
      <underage>0</underage>
   </agegroup>
</row>
<row name="2014SEP">
   <total>9,946</total>
   <agegroup>
      <g16-17>261</g16-17>
      <g18-25>2,917</g18-25>
      <g26-29>1,064</g26-29>
      <g30-39>1,489</g30-39>
      <g40-49>864</g40-49>
      <g50-59>785</g50-59>
      <g60-69>777</g60-69>
      <g70-79>844</g70-79>
      <g80plus>945</g80plus>
      <underage>0</underage>
   </agegroup>
</row>
<row name="2014OCT">
   <total>9,966</total>
   <agegroup>
      <g16-17>284</g16-17>
      <g18-25>2,800</g18-25>
      <g26-29>1,083</g26-29>
      <g30-39>1,514</g30-39>
      <g40-49>878</g40-49>
      <g50-59>819</g50-59>
      <g60-69>858</g60-69>
      <g70-79>765</g70-79>
      <g80plus>965</g80plus>
      <underage>0</underage>
   </agegroup>
</row>
<row name="2014NOV">
   <total>9,002</total>
   <agegroup>
      <g16-17>254</g16-17>
      <g18-25>2,618</g18-25>
      <g26-29>1,026</g26-29>
      <g30-39>1,412</g30-39>
      <g40-49>741</g40-49>
      <g50-59>741</g50-59>
      <g60-69>750</g60-69>
      <g70-79>698</g70-79>
      <g80plus>762</g80plus>
      <underage>0</underage>
   </agegroup>
</row>
<row name="2014DEC">
   <total>8,538</total>
   <agegroup>
      <g16-17>258</g16-17>
      <g18-25>2,537</g18-25>
      <g26-29>1,024</g26-29>
      <g30-39>1,291</g30-39>
      <g40-49>728</g40-49>
      <g50-59>711</g50-59>
      <g60-69>721</g60-69>
      <g70-79>605</g70-79>
      <g80plus>663</g80plus>
      <underage>0</underage>
   </agegroup>
</row>
<row name="2015JAN">
   <total>10,102</total>
   <agegroup>
      <g16-17>336</g16-17>
      <g18-25>2,748</g18-25>
      <g26-29>1,069</g26-29>
      <g30-39>1,517</g30-39>
      <g40-49>834</g40-49>
      <g50-59>836</g50-59>
      <g60-69>879</g60-69>
      <g70-79>906</g70-79>
      <g80plus>977</g80plus>
      <underage>0</underage>
   </agegroup>
</row>
<row name="2015FEB">
   <total>10,000</total>
   <agegroup>
      <g16-17>316</g16-17>
      <g18-25>2,895</g18-25>
      <g26-29>1,125</g26-29>
      <g30-39>1,514</g30-39>
      <g40-49>796</g40-49>
      <g50-59>748</g50-59>
      <g60-69>838</g60-69>
      <g70-79>852</g70-79>
      <g80plus>916</g80plus>
      <underage>0</underage>
   </agegroup>
</row>
<row name="2015MAR">
   <total>10,565</total>
   <agegroup>
      <g16-17>283</g16-17>
      <g18-25>2,963</g18-25>
      <g26-29>1,122</g26-29>
      <g30-39>1,618</g30-39>
      <g40-49>910</g40-49>
      <g50-59>869</g50-59>
      <g60-69>923</g60-69>
      <g70-79>921</g70-79>
      <g80plus>956</g80plus>
      <underage>0</underage>
   </agegroup>
</row>
<row name="2015APR">
   <total>9,236</total>
   <agegroup>
      <g16-17>222</g16-17>
      <g18-25>2,405</g18-25>
      <g26-29>976</g26-29>
      <g30-39>1,367</g30-39>
      <g40-49>786</g40-49>
      <g50-59>763</g50-59>
      <g60-69>837</g60-69>
      <g70-79>960</g70-79>
      <g80plus>920</g80plus>
      <underage>0</underage>
   </agegroup>
</row>
<row name="2015MAY">
   <total>10,160</total>
   <agegroup>
      <g16-17>266</g16-17>
      <g18-25>2,539</g18-25>
      <g26-29>1,046</g26-29>
      <g30-39>1,492</g30-39>
      <g40-49>835</g40-49>
      <g50-59>854</g50-59>
      <g60-69>947</g60-69>
      <g70-79>1,097</g70-79>
      <g80plus>1,084</g80plus>
      <underage>0</underage>
   </agegroup>
</row>
<row name="2015JUN">
   <total>9,767</total>
   <agegroup>
      <g16-17>253</g16-17>
      <g18-25>2,537</g18-25>
      <g26-29>1,007</g26-29>
      <g30-39>1,374</g30-39>
      <g40-49>808</g40-49>
      <g50-59>825</g50-59>
      <g60-69>918</g60-69>
      <g70-79>997</g70-79>
      <g80plus>1,048</g80plus>
      <underage>0</underage>
   </agegroup>
</row>
<row name="2015JUL">
   <total>11,273</total>
   <agegroup>
      <g16-17>352</g16-17>
      <g18-25>3,123</g18-25>
      <g26-29>1,151</g26-29>
      <g30-39>1,510</g30-39>
      <g40-49>975</g40-49>
      <g50-59>903</g50-59>
      <g60-69>985</g60-69>
      <g70-79>1,085</g70-79>
      <g80plus>1,189</g80plus>
      <underage>0</underage>
   </agegroup>
</row>
<row name="2015AUG">
   <total>10,223</total>
   <agegroup>
      <g16-17>270</g16-17>
      <g18-25>2,818</g18-25>
      <g26-29>1,094</g26-29>
      <g30-39>1,498</g30-39>
      <g40-49>852</g40-49>
      <g50-59>890</g50-59>
      <g60-69>907</g60-69>
      <g70-79>949</g70-79>
      <g80plus>945</g80plus>
      <underage>0</underage>
   </agegroup>
</row>
<row name="2015SEP">
   <total>10,409</total>
   <agegroup>
      <g16-17>340</g16-17>
      <g18-25>2,855</g18-25>
      <g26-29>1,113</g26-29>
      <g30-39>1,480</g30-39>
      <g40-49>934</g40-49>
      <g50-59>830</g50-59>
      <g60-69>940</g60-69>
      <g70-79>920</g70-79>
      <g80plus>997</g80plus>
      <underage>0</underage>
   </agegroup>
</row>
<row name="2015OCT">
   <total>10,000</total>
   <agegroup>
      <g16-17>348</g16-17>
      <g18-25>2,657</g18-25>
      <g26-29>993</g26-29>
      <g30-39>1,406</g30-39>
      <g40-49>835</g40-49>
      <g50-59>841</g50-59>
      <g60-69>936</g60-69>
      <g70-79>969</g70-79>
      <g80plus>1,015</g80plus>
      <underage>0</underage>
   </agegroup>
</row>
<row name="2015NOV">
   <total>9,453</total>
   <agegroup>
      <g16-17>323</g16-17>
      <g18-25>2,528</g18-25>
      <g26-29>985</g26-29>
      <g30-39>1,371</g30-39>
      <g40-49>783</g40-49>
      <g50-59>763</g50-59>
      <g60-69>881</g60-69>
      <g70-79>881</g70-79>
      <g80plus>938</g80plus>
      <underage>0</underage>
   </agegroup>
</row>
<row name="2015DEC">
   <total>8,989</total>
   <agegroup>
      <g16-17>319</g16-17>
      <g18-25>2,440</g18-25>
      <g26-29>891</g26-29>
      <g30-39>1,283</g30-39>
      <g40-49>723</g40-49>
      <g50-59>739</g50-59>
      <g60-69>970</g60-69>
      <g70-79>806</g70-79>
      <g80plus>818</g80plus>
      <underage>0</underage>
   </agegroup>
</row>
<row name="2016JAN">
   <total>9,226</total>
   <agegroup>
      <g16-17>377</g16-17>
      <g18-25>2,274</g18-25>
      <g26-29>869</g26-29>
      <g30-39>1,272</g30-39>
      <g40-49>780</g40-49>
      <g50-59>713</g50-59>
      <g60-69>958</g60-69>
      <g70-79>963</g70-79>
      <g80plus>1,020</g80plus>
      <underage>0</underage>
   </agegroup>
</row>
<row name="2016FEB">
   <total>10,272</total>
   <agegroup>
      <g16-17>379</g16-17>
      <g18-25>2,516</g18-25>
      <g26-29>993</g26-29>
      <g30-39>1,407</g30-39>
      <g40-49>878</g40-49>
      <g50-59>860</g50-59>
      <g60-69>1,025</g60-69>
      <g70-79>1,093</g70-79>
      <g80plus>1,121</g80plus>
      <underage>0</underage>
   </agegroup>
</row>
<row name="2016MAR">
   <total>11,209</total>
   <agegroup>
      <g16-17>330</g16-17>
      <g18-25>2,843</g18-25>
      <g26-29>1,106</g26-29>
      <g30-39>1,579</g30-39>
      <g40-49>873</g40-49>
      <g50-59>911</g50-59>
      <g60-69>1,261</g60-69>
      <g70-79>1,132</g70-79>
      <g80plus>1,174</g80plus>
      <underage>0</underage>
   </agegroup>
</row>
<row name="2016APR">
   <total>10,327</total>
   <agegroup>
      <g16-17>332</g16-17>
      <g18-25>2,520</g18-25>
      <g26-29>1,029</g26-29>
      <g30-39>1,456</g30-39>
      <g40-49>900</g40-49>
      <g50-59>878</g50-59>
      <g60-69>1,056</g60-69>
      <g70-79>1,026</g70-79>
      <g80plus>1,130</g80plus>
      <underage>0</underage>
   </agegroup>
</row>
<row name="2016MAY">
   <total>10,683</total>
   <agegroup>
      <g16-17>335</g16-17>
      <g18-25>2,380</g18-25>
      <g26-29>1,076</g26-29>
      <g30-39>1,578</g30-39>
      <g40-49>917</g40-49>
      <g50-59>921</g50-59>
      <g60-69>1,096</g60-69>
      <g70-79>1,088</g70-79>
      <g80plus>1,292</g80plus>
      <underage>0</underage>
   </agegroup>
</row>
<row name="2016JUN">
   <total>9,939</total>
   <agegroup>
      <g16-17>296</g16-17>
      <g18-25>2,261</g18-25>
      <g26-29>980</g26-29>
      <g30-39>1,364</g30-39>
      <g40-49>872</g40-49>
      <g50-59>947</g50-59>
      <g60-69>1,048</g60-69>
      <g70-79>1,024</g70-79>
      <g80plus>1,147</g80plus>
      <underage>0</underage>
   </agegroup>
</row>
</table1>
