<!-- Car Registrations -->
<Registrations>
	<Entry>
		<_rid>001</_rid>
		<RegistrationNumber>YYZ908</RegistrationNumber>
		<Driver>
			<LastName>Nima</LastName>
			<FirstName>Nishad</FirstName>
			<DriversLicenseNo>D123456</DriversLicenseNo>
			<Address>Unit 9, 40B Birriga Road, Bellevue Hill, NSW 2023</Address>
			<Email>xiaoapple159@gmail.com</Email>
		</Driver>
		<RegistrationValidTill>21/10/2016</RegistrationValidTill>
	</Entry>
	<Entry>
		<_rid>002</_rid>
		<RegistrationNumber>MMD123</RegistrationNumber>
		<Driver>
			<LastName>Chopra</LastName>
			<FirstName>Anthony Singh</FirstName>
			<DriversLicenseNo>M3456789</DriversLicenseNo>
			<Address>11 TALLOWOOD COURT, GOONELLABAH, NSW, 2480</Address>
			<Email>xiaoapple159@gmail.com</Email>
		</Driver>
		<RegistrationValidTill>28/11/2016</RegistrationValidTill>
	</Entry>
	<Entry>
		<_rid>003</_rid>
		<RegistrationNumber>1NSW1</RegistrationNumber>
		<Driver>
			<LastName>Lanker</LastName>
			<FirstName>Tarin</FirstName>
			<DriversLicenseNo>M9876578</DriversLicenseNo>
			<Address>UNIT 215, 48-88 DOWLING STREET, WOOLLOOMOOLOO NSW 2011</Address>
			<Email>xiaoapple159@gmail.com</Email>
		</Driver>
		<RegistrationValidTill>27/10/2016</RegistrationValidTill>
	</Entry>
	<Entry>
		<_rid>004</_rid>
		<RegistrationNumber>NAQ900</RegistrationNumber>
		<Driver>
			<LastName>Zhang</LastName>
			<FirstName>Dang</FirstName>
			<DriversLicenseNo>L9842873</DriversLicenseNo>
			<Address>UNIT 6, 9 Mineral Rd, Oak Flats, NSW 2529</Address>
			<Email>xiaoapple159@gmail.com</Email>
		</Driver>
		<RegistrationValidTill>15/10/2016</RegistrationValidTill>
	</Entry>
	<Entry>
		<_rid>005</_rid>
		<RegistrationNumber>ACM891</RegistrationNumber>
		<Driver>
			<LastName>Jordan</LastName>
			<FirstName>Michael</FirstName>
			<DriversLicenseNo>D2341764</DriversLicenseNo>
			<Address>UNIT 6, 9 Mineral Rd, Oak Flats, NSW 2529</Address>
			<Email>xiaoapple159@gmail.com</Email>
		</Driver>
		<RegistrationValidTill>21/11/2016</RegistrationValidTill>
	</Entry>
	<Entry>
		<_rid>006</_rid>
		<RegistrationNumber>BNZ100</RegistrationNumber>
		<Driver>
			<LastName>Haradi</LastName>
			<FirstName>Souka Azadeh</FirstName>
			<DriversLicenseNo>N7788643</DriversLicenseNo>
			<Address>UNIT 6, 9 Mineral Rd, Oak Flats, NSW 2529</Address>
			<Email>xiaoapple159@gmail.com</Email>
		</Driver>
		<RegistrationValidTill>20/12/2016</RegistrationValidTill>
	</Entry>
	<Entry>
		<_rid>007</_rid>
		<RegistrationNumber>NSZ134</RegistrationNumber>
		<Driver>
			<LastName>Jones</LastName>
			<FirstName>Henry</FirstName>
			<DriversLicenseNo>K9287381</DriversLicenseNo>
			<Address>UNIT 6, 9 Mineral Rd, Oak Flats, NSW 2529</Address>
			<Email>xiaoapple159@gmail.com</Email>
		</Driver>
		<RegistrationValidTill>20/11/2016</RegistrationValidTill>
	</Entry>
	<Entry>
		<_rid>008</_rid>
		<RegistrationNumber>CNZ913</RegistrationNumber>
		<Driver>
			<LastName>Wu</LastName>
			<FirstName>James</FirstName>
			<DriversLicenseNo>N9101298</DriversLicenseNo>
			<Address>UNIT 6, 9 Mineral Rd, Oak Flats, NSW 2529</Address>
			<Email>xiaoapple159@gmail.com</Email>
		</Driver>
		<RegistrationValidTill>24/10/2016</RegistrationValidTill>
	</Entry>
</Registrations>