<?xml version="1.0" encoding="UTF-8"?>
<deploy xmlns="http://www.apache.org/ode/schemas/dd/2007/03" xmlns:addresscheck="http://gnafaddressservice.soacourse.unsw.edu.au/addresscheck" xmlns:gnafaddressservice.soacourse.unsw.edu.au="http://gnafaddressservice.soacourse.unsw.edu.au/">
  <process name="addresscheck:AddressCheck">
    <active>true</active>
    <retired>false</retired>
    <process-events generate="all"/>
    <provide partnerLink="client">
      <service name="addresscheck:AddressCheckService" port="AddressCheckPort"/>
    </provide>
    <invoke partnerLink="addrcRes">
      <service name="gnafaddressservice.soacourse.unsw.edu.au:GNAFAddressServiceImplService" port="GNAFAddressServiceImplPort"/>
    </invoke>
  </process>
</deploy>